"ID","country","Q24A","Q85A","Q85B","Q85C","Q85D","q100us"
"1","19","2","2","1","1","1","2"
"2","19","2","4","1","3","1","2"
"3","19","2","4","2","3","3","1"
"4","19","8","4","2","4","2","1"
"5","19","2","2","1","2","2","1"
"6","19","8","2","1","2","1","1"
"7","19","1","1","1","1","2","2"
"8","19","2","4","3","4","3","1"
"9","19","2","1","1","1","4","2"
"10","19","8","1","1","4","1","8"
"11","19","2","1","1","1","1","1"
"12","19","2","2","1","1","1","1"
"13","19","2","1","1","1","3","2"
"14","19","2","2","1","1","1","1"
"15","19","1","2","2","2","2","8"
"16","19","2","3","1","1","2","1"
"17","19","2","4","1","4","4","2"
"18","19","2","1","1","1","1","1"
"19","19","2","1","1","2","2","1"
"20","19","1","4","1","4","2","1"
"21","19","2","2","1","1","1","3"
"22","19","2","3","1","2","1","2"
"23","19","2","4","2","4","4","2"
"24","19","2","4","2","4","2","2"
"25","19","2","1","1","3","1","1"
"26","19","2","2","1","1","1","2"
"27","19","2","3","1","2","1","1"
"28","19","2","2","1","3","2","1"
"29","19","2","1","1","1","1","1"
"30","19","2","3","1","4","1","2"
"31","19","2","2","1","4","3","4"
"32","19","1","3","2","3","1","2"
"33","19","2","2","1","1","1","1"
"34","19","2","2","2","2","1","1"
"35","19","2","4","1","4","3","2"
"36","19","2","3","3","4","3","2"
"37","19","2","1","1","1","1","1"
"38","19","2","1","1","9","1","4"
"39","19","2","1","1","1","1","2"
"40","19","2","2","1","2","2","1"
"41","19","2","3","1","4","1","1"
"42","19","1","1","1","2","1","2"
"43","19","2","4","1","4","2","2"
"44","19","2","3","1","4","2","1"
"45","19","2","1","1","2","1","1"
"46","19","2","4","2","4","2","2"
"47","19","2","2","1","2","2","1"
"48","19","2","2","1","1","1","3"
"49","19","2","4","2","4","3","2"
"50","19","2","3","1","3","1","1"
"51","19","2","3","1","4","1","1"
"52","19","2","3","2","2","1","1"
"53","19","2","4","2","4","2","1"
"54","19","2","2","1","2","1","1"
"55","19","2","1","1","2","1","1"
"56","19","2","3","1","3","1","2"
"57","19","2","2","2","2","1","2"
"58","19","2","1","1","1","1","2"
"59","19","2","4","2","4","1","2"
"60","19","2","1","1","1","2","1"
"61","19","2","4","2","4","2","2"
"62","19","2","3","1","1","1","2"
"63","19","2","1","1","1","1","2"
"64","19","2","1","1","1","1","1"
"65","19","2","3","1","3","3","2"
"66","19","2","3","1","9","2","1"
"67","19","2","4","1","4","2","1"
"68","19","2","2","1","1","1","2"
"69","19","2","1","1","2","1","1"
"70","19","2","1","1","4","1","2"
"71","19","2","1","1","1","1","4"
"72","19","8","1","1","1","1","3"
"73","19","2","2","1","1","1","3"
"74","19","2","4","4","4","2","1"
"75","19","2","4","1","4","2","1"
"76","19","1","3","1","4","1","1"
"77","19","2","1","1","1","1","2"
"78","19","8","3","1","3","2","1"
"79","19","2","4","1","4","2","3"
"80","19","2","1","1","1","2","1"
"81","19","2","4","3","4","3","9"
"82","19","2","2","2","3","2","1"
"83","19","2","2","2","3","1","3"
"84","19","8","1","1","1","2","3"
"85","19","9","1","1","1","2","8"
"86","19","2","1","1","2","1","1"
"87","19","8","3","2","2","2","1"
"88","19","2","1","1","1","1","1"
"89","19","2","1","1","1","1","2"
"90","19","9","2","2","2","1","2"
"91","19","2","4","1","4","1","3"
"92","19","2","3","1","2","1","2"
"93","19","2","3","1","3","1","1"
"94","19","8","2","1","2","1","3"
"95","19","2","3","2","3","1","1"
"96","19","8","1","1","3","1","2"
"97","19","2","4","1","4","2","2"
"98","19","8","2","1","1","1","2"
"99","19","2","3","1","3","1","4"
"100","19","2","1","2","2","2","1"
"101","19","1","2","2","1","1","2"
"102","19","2","3","1","2","1","1"
"103","19","2","2","1","2","2","3"
"104","19","2","4","2","2","2","1"
"105","19","2","2","1","4","2","2"
"106","19","2","2","1","9","1","1"
"107","19","2","1","1","1","1","2"
"108","19","2","1","1","1","2","2"
"109","19","2","1","1","1","2","2"
"110","19","8","3","1","3","2","2"
"111","19","2","1","1","1","1","1"
"112","19","2","1","1","1","1","2"
"113","19","8","3","1","2","2","1"
"114","19","2","4","1","2","2","2"
"115","19","2","1","1","2","4","8"
"116","19","1","2","1","2","1","2"
"117","19","1","1","1","1","1","1"
"118","19","2","2","1","1","2","2"
"119","19","2","1","1","1","1","2"
"120","19","1","3","1","1","1","1"
"121","19","1","1","1","1","1","2"
"122","19","2","2","1","1","1","2"
"123","19","2","2","1","4","1","1"
"124","19","2","2","1","4","2","1"
"125","19","2","1","1","1","2","2"
"126","19","2","4","2","4","2","2"
"127","19","2","3","1","4","2","1"
"128","19","2","3","3","3","2","1"
"129","19","8","1","1","8","8","2"
"130","19","8","1","1","3","3","4"
"131","19","2","3","1","4","2","1"
"132","19","2","3","1","3","3","1"
"133","19","2","2","1","2","1","2"
"134","19","2","3","1","4","2","1"
"135","19","1","1","1","1","1","1"
"136","19","2","1","1","3","1","1"
"137","19","2","3","1","1","1","2"
"138","19","2","1","1","1","1","2"
"139","19","2","2","1","1","1","2"
"140","19","2","3","1","2","2","2"
"141","19","8","2","1","1","2","1"
"142","19","2","2","1","2","2","1"
"143","19","2","1","1","2","1","8"
"144","19","2","3","1","1","1","1"
"145","19","2","4","2","4","3","1"
"146","19","2","3","1","1","1","1"
"147","19","2","1","1","1","2","1"
"148","19","2","1","1","1","8","8"
"149","19","2","4","2","4","1","1"
"150","19","2","3","1","2","1","1"
"151","19","2","1","1","1","1","2"
"152","19","2","1","1","1","1","2"
"153","19","2","3","1","1","2","2"
"154","19","2","2","1","3","2","1"
"155","19","2","2","1","4","2","1"
"156","19","2","1","4","4","4","3"
"157","19","2","1","1","3","1","1"
"158","19","2","2","1","2","1","2"
"159","19","2","2","1","1","1","3"
"160","19","2","3","1","4","1","2"
"161","19","2","2","1","2","2","2"
"162","19","2","3","1","4","1","2"
"163","19","2","2","3","4","2","1"
"164","19","2","4","2","4","2","1"
"165","19","2","2","4","4","1","1"
"166","19","2","4","1","1","4","2"
"167","19","2","1","1","1","1","2"
"168","19","2","4","2","4","2","1"
"169","19","1","1","1","1","1","2"
"170","19","1","4","1","4","1","2"
"171","19","2","2","1","1","1","4"
"172","19","2","1","1","1","1","2"
"173","19","2","2","2","2","2","1"
"174","19","2","3","1","4","2","2"
"175","19","8","2","2","2","2","8"
"176","19","2","4","2","4","2","1"
"177","19","2","3","3","3","3","2"
"178","19","2","3","1","4","2","1"
"179","19","2","1","1","1","1","2"
"180","19","2","4","1","1","1","1"
"181","19","2","2","1","4","2","1"
"182","19","2","3","2","3","2","1"
"183","19","2","2","1","1","1","2"
"184","19","2","4","2","4","2","2"
"185","19","2","4","4","4","3","2"
"186","19","1","2","2","4","3","1"
"187","19","2","1","1","1","1","1"
"188","19","8","3","1","2","8","1"
"189","19","2","1","1","3","4","2"
"190","19","2","1","1","1","2","1"
"191","19","2","2","1","2","2","2"
"192","19","2","3","1","2","1","2"
"193","19","2","2","1","1","1","2"
"194","19","2","1","1","3","1","2"
"195","19","8","1","1","1","2","2"
"196","19","2","4","1","4","2","2"
"197","19","2","4","1","1","2","1"
"198","19","2","2","1","1","1","1"
"199","19","2","2","1","1","1","1"
"200","19","2","1","1","2","1","1"
"201","19","2","3","1","3","2","1"
"202","19","1","3","2","8","3","1"
"203","19","2","1","1","2","1","2"
"204","19","1","2","1","1","2","2"
"205","19","2","4","2","4","4","2"
"206","19","2","2","2","4","2","1"
"207","19","2","3","2","4","1","1"
"208","19","2","4","3","3","2","1"
"209","19","2","2","1","4","2","1"
"210","19","8","4","1","1","3","9"
"211","19","2","1","1","1","1","2"
"212","19","2","4","1","4","1","1"
"213","19","2","2","1","2","1","1"
"214","19","2","2","1","1","2","1"
"215","19","2","2","1","2","1","2"
"216","19","1","1","1","1","1","8"
"217","19","2","3","1","3","1","2"
"218","19","2","1","1","1","2","1"
"219","19","2","4","1","1","2","1"
"220","19","2","4","2","4","2","1"
"221","19","2","1","1","4","8","2"
"222","19","1","2","1","4","1","1"
"223","19","2","1","1","1","1","2"
"224","19","2","2","1","2","1","2"
"225","19","1","2","1","2","2","2"
"226","19","2","3","2","4","2","2"
"227","19","2","4","1","4","2","2"
"228","19","2","3","2","3","3","2"
"229","19","2","2","1","1","1","2"
"230","19","8","2","1","1","1","1"
"231","19","1","1","1","1","2","1"
"232","19","2","2","1","2","4","2"
"233","19","2","4","1","2","1","2"
"234","19","2","3","2","3","2","1"
"235","19","2","3","1","3","1","2"
"236","19","2","1","1","4","2","2"
"237","19","2","3","1","1","1","2"
"238","19","2","2","1","3","1","1"
"239","19","2","1","1","1","1","1"
"240","19","2","8","2","1","1","2"
"241","19","2","3","2","4","3","1"
"242","19","2","1","1","1","1","1"
"243","19","2","2","1","4","2","2"
"244","19","1","1","1","3","2","2"
"245","19","2","1","1","2","2","1"
"246","19","2","2","1","3","1","1"
"247","19","2","1","1","2","2","1"
"248","19","2","3","3","4","2","2"
"249","19","2","4","3","4","4","1"
"250","19","2","3","1","3","1","2"
"251","19","8","3","1","2","1","1"
"252","19","8","4","1","4","1","1"
"253","19","2","2","1","4","3","3"
"254","19","2","4","1","2","2","8"
"255","19","2","1","2","2","1","2"
"256","19","2","4","1","1","1","2"
"257","19","1","3","1","2","2","2"
"258","19","2","4","2","4","2","2"
"259","19","2","1","1","1","1","1"
"260","19","2","1","1","4","1","1"
"261","19","2","1","1","2","2","1"
"262","19","2","3","1","4","2","2"
"263","19","8","4","1","1","1","1"
"264","19","2","2","1","2","1","1"
"265","19","2","4","2","4","3","1"
"266","19","2","2","1","2","1","1"
"267","19","2","3","2","4","1","1"
"268","19","1","3","1","1","1","1"
"269","19","2","4","2","4","2","1"
"270","19","2","2","1","1","1","2"
"271","19","2","4","2","4","1","2"
"272","19","2","1","2","4","1","1"
"273","19","2","1","1","1","1","2"
"274","19","2","1","1","1","1","2"
"275","19","2","4","2","1","1","1"
"276","19","2","4","1","4","2","2"
"277","19","2","4","4","4","4","2"
"278","19","2","3","1","4","2","1"
"279","19","2","1","1","1","2","1"
"280","19","2","1","1","3","1","1"
"281","19","2","4","1","1","1","2"
"282","19","2","2","2","4","2","2"
"283","19","2","2","1","2","1","1"
"284","19","2","4","1","2","2","4"
"285","19","2","4","1","1","1","1"
"286","19","2","3","1","4","2","2"
"287","19","2","4","2","3","2","4"
"288","19","2","1","1","1","2","3"
"289","19","2","2","2","1","2","1"
"290","19","2","4","1","4","2","1"
"291","19","2","4","1","4","2","1"
"292","19","2","2","1","4","1","2"
"293","19","1","1","1","4","1","1"
"294","19","2","3","2","2","1","2"
"295","19","2","2","1","4","2","2"
"296","19","2","4","1","8","1","3"
"297","19","2","2","1","4","8","3"
"298","19","9","4","2","4","3","2"
"299","19","2","3","1","4","4","1"
"300","19","2","4","2","4","3","1"
"301","19","2","2","1","4","1","4"
"302","19","1","2","2","4","2","1"
"303","19","2","3","1","3","2","1"
"304","19","2","3","2","4","2","1"
"305","19","2","4","3","4","2","1"
"306","19","2","1","1","4","1","4"
"307","19","2","3","1","2","2","2"
"308","19","2","3","3","3","3","1"
"309","19","2","3","1","2","2","1"
"310","19","2","2","2","4","3","1"
"311","19","2","3","1","3","2","1"
"312","19","2","2","1","1","2","1"
"313","19","2","3","2","3","3","1"
"314","19","2","4","3","4","3","2"
"315","19","8","4","1","3","1","1"
"316","19","1","4","2","1","4","2"
"317","19","8","4","1","4","1","8"
"318","19","2","4","2","3","2","1"
"319","19","2","4","1","4","2","2"
"320","19","2","3","1","2","2","1"
"321","19","1","3","2","4","4","1"
"322","19","2","4","2","4","4","4"
"323","19","2","4","2","4","3","1"
"324","19","2","4","1","4","4","2"
"325","19","1","4","1","2","2","1"
"326","19","8","1","1","1","1","2"
"327","19","1","1","1","1","1","2"
"328","19","2","2","1","1","2","3"
"329","19","8","4","4","1","4","2"
"330","19","2","3","1","1","1","1"
"331","19","2","4","2","3","3","1"
"332","19","1","2","1","2","2","1"
"333","19","2","3","1","3","1","1"
"334","19","8","3","2","8","8","1"
"335","19","2","3","1","4","2","1"
"336","19","1","1","1","1","1","8"
"337","19","2","1","1","1","1","1"
"338","19","2","4","1","2","1","1"
"339","19","2","4","1","4","2","2"
"340","19","2","2","1","2","1","2"
"341","19","2","1","1","1","2","8"
"342","19","2","1","3","3","4","1"
"343","19","2","1","2","3","2","1"
"344","19","2","1","1","1","1","4"
"345","19","8","3","2","1","2","1"
"346","19","2","4","3","4","2","2"
"347","19","2","4","1","3","3","2"
"348","19","2","3","1","2","1","3"
"349","19","2","4","3","3","1","1"
"350","19","2","2","2","2","1","4"
"351","19","2","2","2","4","2","1"
"352","19","2","2","1","3","2","1"
"353","19","2","2","1","3","2","1"
"354","19","8","2","1","3","1","2"
"355","19","2","3","1","4","1","3"
"356","19","2","2","4","4","3","1"
"357","19","2","3","2","3","1","2"
"358","19","2","1","2","1","2","2"
"359","19","8","3","2","4","1","1"
"360","19","2","4","1","4","3","2"
"361","19","2","2","1","1","1","1"
"362","19","2","3","2","4","2","4"
"363","19","1","3","1","4","3","1"
"364","19","2","1","1","1","1","2"
"365","19","2","3","1","3","1","1"
"366","19","1","1","1","1","1","2"
"367","19","2","1","1","1","2","2"
"368","19","2","2","4","4","1","1"
"369","19","2","3","2","4","3","1"
"370","19","2","1","1","1","1","1"
"371","19","8","2","1","2","2","8"
"372","19","1","3","4","1","2","1"
"373","19","2","4","4","4","2","1"
"374","19","2","1","1","2","1","1"
"375","19","1","1","1","2","1","1"
"376","19","2","1","1","1","1","1"
"377","19","2","3","2","1","2","1"
"378","19","2","2","1","2","1","1"
"379","19","2","2","1","3","1","2"
"380","19","2","3","1","3","1","2"
"381","19","2","3","3","4","2","1"
"382","19","8","1","1","1","1","2"
"383","19","2","1","4","4","4","2"
"384","19","1","2","1","2","2","1"
"385","19","2","2","2","4","3","2"
"386","19","2","2","1","1","2","1"
"387","19","1","2","1","2","1","1"
"388","19","1","1","1","1","1","2"
"389","19","2","4","2","4","4","1"
"390","19","2","2","1","2","1","1"
"391","19","2","1","1","2","2","2"
"392","19","2","1","1","3","1","1"
"393","19","2","1","1","2","2","2"
"394","19","1","1","4","1","1","1"
"395","19","2","4","1","4","4","1"
"396","19","2","1","1","1","1","3"
"397","19","2","4","1","4","2","3"
"398","19","2","1","1","1","1","2"
"399","19","2","4","2","4","2","2"
"400","19","2","1","1","1","3","1"
"401","19","1","3","1","3","1","2"
"402","19","1","1","1","1","1","2"
"403","19","2","3","1","8","1","1"
"404","19","1","1","1","1","1","2"
"405","19","2","2","1","1","1","2"
"406","19","2","2","1","4","2","3"
"407","19","2","3","1","2","1","1"
"408","19","1","2","1","4","1","1"
"409","19","2","1","1","3","1","2"
"410","19","2","4","3","3","2","2"
"411","19","2","2","2","2","2","2"
"412","19","2","1","1","1","1","1"
"413","19","2","2","2","4","1","2"
"414","19","8","2","1","4","2","1"
"415","19","2","1","2","4","1","1"
"416","19","2","3","3","3","2","1"
"417","19","2","2","1","1","1","2"
"418","19","1","1","2","1","2","1"
"419","19","2","1","1","1","1","2"
"420","19","2","3","1","1","1","2"
"421","19","8","1","1","1","1","8"
"422","19","2","3","1","3","1","2"
"423","19","1","1","1","1","1","2"
"424","19","8","1","1","1","1","2"
"425","19","2","3","2","4","3","1"
"426","19","2","3","1","2","1","1"
"427","19","2","1","1","2","2","2"
"428","19","2","4","3","4","3","2"
"429","19","8","1","1","2","2","1"
"430","19","2","1","1","1","1","1"
"431","19","2","3","2","3","2","1"
"432","19","2","4","4","4","2","1"
"433","19","2","2","2","3","2","1"
"434","19","2","3","1","3","1","2"
"435","19","1","2","2","2","2","1"
"436","19","2","4","1","1","4","2"
"437","19","2","3","1","1","1","2"
"438","19","2","1","1","1","1","1"
"439","19","2","4","4","4","4","1"
"440","19","2","3","1","2","1","1"
"441","19","9","2","1","1","1","1"
"442","19","2","3","1","3","4","2"
"443","19","2","2","1","8","2","1"
"444","19","2","1","1","1","1","2"
"445","19","2","3","1","2","1","2"
"446","19","2","2","1","2","2","1"
"447","19","1","2","2","2","1","2"
"448","19","2","1","1","1","1","1"
"449","19","2","1","1","1","1","2"
"450","19","1","3","2","2","2","1"
"451","19","2","3","2","2","1","1"
"452","19","1","2","4","4","4","3"
"453","19","2","2","2","1","2","2"
"454","19","8","4","2","4","4","4"
"455","19","1","1","1","1","1","2"
"456","19","2","2","1","1","2","2"
"457","19","2","3","1","1","2","1"
"458","19","2","4","2","4","1","1"
"459","19","2","1","1","4","4","2"
"460","19","2","2","2","4","2","4"
"461","19","1","3","1","3","2","1"
"462","19","2","4","1","2","1","1"
"463","19","2","3","1","3","2","3"
"464","19","2","3","2","4","2","1"
"465","19","2","4","2","4","3","2"
"466","19","2","4","4","4","4","1"
"467","19","1","1","1","2","1","1"
"468","19","2","2","1","2","1","8"
"469","19","2","2","1","1","1","1"
"470","19","2","4","1","4","2","1"
"471","19","2","2","3","3","3","1"
"472","19","2","3","3","4","1","1"
"473","19","8","2","1","1","1","8"
"474","19","2","1","1","1","1","1"
"475","19","2","4","2","4","2","1"
"476","19","2","3","1","2","2","1"
"477","19","1","1","1","1","2","1"
"478","19","2","1","1","1","2","2"
"479","19","2","4","2","4","1","1"
"480","19","2","2","1","2","3","2"
"481","19","2","3","1","3","1","1"
"482","19","8","3","2","4","2","1"
"483","19","2","2","1","1","2","1"
"484","19","2","2","1","1","1","1"
"485","19","2","8","1","3","2","3"
"486","19","2","1","1","1","1","2"
"487","19","1","2","1","1","1","2"
"488","19","2","1","1","1","4","1"
"489","19","2","2","1","3","1","1"
"490","19","2","3","2","4","3","3"
"491","19","2","2","1","2","1","1"
"492","19","2","2","1","1","1","2"
"493","19","2","2","2","4","4","2"
"494","19","2","3","2","3","2","2"
"495","19","1","2","1","2","2","2"
"496","19","2","1","1","4","2","1"
"497","19","2","1","1","1","1","2"
"498","19","2","4","1","3","1","1"
"499","19","2","1","1","1","1","1"
"500","19","2","4","1","4","2","1"
"501","19","2","4","2","4","2","1"
"502","19","2","1","1","2","1","1"
"503","19","2","4","1","4","4","1"
"504","19","2","1","1","1","1","3"
"505","19","2","4","2","4","2","2"
"506","19","2","1","1","1","1","8"
"507","19","1","3","2","1","1","1"
"508","19","2","3","2","4","2","1"
"509","19","1","2","1","2","1","4"
"510","19","2","2","1","2","1","2"
"511","19","2","2","2","4","2","1"
"512","19","2","4","2","3","2","1"
"513","19","2","4","2","4","2","4"
"514","19","2","2","1","1","2","1"
"515","19","2","1","1","1","1","1"
"516","19","2","3","2","4","2","1"
"517","19","2","8","1","4","1","2"
"518","19","1","1","1","4","1","1"
"519","19","2","4","1","1","1","1"
"520","19","2","2","1","2","1","2"
"521","19","1","3","1","1","2","1"
"522","19","2","1","1","3","2","1"
"523","19","1","3","1","3","2","1"
"524","19","2","1","1","2","1","2"
"525","19","2","4","1","4","2","2"
"526","19","1","2","1","2","1","1"
"527","19","2","1","1","4","2","1"
"528","19","2","3","1","4","2","2"
"529","19","2","4","1","1","1","2"
"530","19","2","2","1","4","4","1"
"531","19","2","1","1","1","1","2"
"532","19","2","2","1","2","1","1"
"533","19","2","3","1","1","2","1"
"534","19","2","1","2","1","1","2"
"535","19","2","4","1","1","2","1"
"536","19","2","3","1","2","1","1"
"537","19","2","1","1","1","3","2"
"538","19","2","1","2","2","3","4"
"539","19","2","3","1","2","1","1"
"540","19","9","2","1","1","2","4"
"541","19","1","1","1","2","2","1"
"542","19","2","1","1","1","1","1"
"543","19","2","4","1","4","2","4"
"544","19","2","1","2","4","2","1"
"545","19","2","1","1","1","1","2"
"546","19","2","2","1","1","1","1"
"547","19","2","2","2","3","1","2"
"548","19","1","1","1","2","1","2"
"549","19","2","3","1","1","2","1"
"550","19","2","3","1","1","1","1"
"551","19","2","1","1","1","1","2"
"552","19","2","1","4","2","4","2"
"553","19","2","3","2","4","2","1"
"554","19","2","4","2","3","3","1"
"555","19","2","2","1","1","2","1"
"556","19","2","3","1","4","2","2"
"557","19","2","4","3","4","2","1"
"558","19","2","1","1","1","1","2"
"559","19","2","1","1","1","1","3"
"560","19","2","3","1","3","2","2"
"561","19","1","3","1","4","1","1"
"562","19","2","2","1","1","1","3"
"563","19","2","2","1","2","1","3"
"564","19","2","3","2","4","2","1"
"565","19","1","3","3","4","2","1"
"566","19","8","3","1","2","2","4"
"567","19","2","4","2","2","1","2"
"568","19","8","2","2","2","2","2"
"569","19","2","1","1","3","1","1"
"570","19","1","8","1","4","8","2"
"571","19","2","2","1","1","1","2"
"572","19","2","2","1","4","2","1"
"573","19","2","3","1","3","2","1"
"574","19","2","2","2","1","1","4"
"575","19","2","1","1","4","1","1"
"576","19","2","2","1","3","1","1"
"577","19","2","3","1","1","1","3"
"578","19","1","4","2","1","3","4"
"579","19","2","4","1","4","2","4"
"580","19","2","2","1","2","1","1"
"581","19","2","3","1","3","2","1"
"582","19","2","2","2","2","2","1"
"583","19","2","2","1","1","2","1"
"584","19","2","1","1","1","2","1"
"585","19","2","1","1","4","4","1"
"586","19","2","3","1","2","1","2"
"587","19","2","2","1","2","1","8"
"588","19","1","2","2","1","1","2"
"589","19","2","2","1","3","1","2"
"590","19","8","4","2","4","2","8"
"591","19","2","4","2","4","3","2"
"592","19","2","4","1","1","2","2"
"593","19","2","4","4","4","1","2"
"594","19","2","2","3","3","3","3"
"595","19","2","4","1","4","1","2"
"596","19","2","4","2","4","4","1"
"597","19","2","2","1","3","1","3"
"598","19","2","3","2","3","2","1"
"599","19","2","4","1","1","2","1"
"600","19","2","3","1","3","2","2"
"601","19","1","2","1","1","1","1"
"602","19","2","3","1","3","2","2"
"603","19","2","4","1","3","2","1"
"604","19","2","4","4","4","2","4"
"605","19","9","4","3","4","3","2"
"606","19","2","3","1","2","1","2"
"607","19","2","1","1","4","2","1"
"608","19","2","1","1","3","1","2"
"609","19","2","3","1","4","3","1"
"610","19","2","4","2","4","3","2"
"611","19","2","1","1","3","1","1"
"612","19","2","3","1","1","1","4"
"613","19","2","1","1","4","1","2"
"614","19","2","1","1","2","2","2"
"615","19","1","1","1","1","3","2"
"616","19","2","4","2","3","2","8"
"617","19","2","1","1","2","2","1"
"618","19","2","2","1","3","1","2"
"619","19","2","3","1","2","1","2"
"620","19","2","3","3","4","3","1"
"621","19","2","4","1","4","1","2"
"622","19","2","4","1","4","3","2"
"623","19","8","1","1","4","3","1"
"624","19","2","1","1","1","1","9"
"625","19","2","1","1","2","2","1"
"626","19","2","3","1","3","1","2"
"627","19","1","1","1","4","2","2"
"628","19","2","8","1","8","2","1"
"629","19","1","2","2","4","2","1"
"630","19","2","4","2","4","2","1"
"631","19","2","1","1","1","1","1"
"632","19","2","4","1","4","2","2"
"633","19","2","4","1","4","1","1"
"634","19","2","2","1","2","2","1"
"635","19","2","2","2","2","2","1"
"636","19","1","1","1","2","1","2"
"637","19","2","3","2","4","2","1"
"638","19","2","3","1","2","2","2"
"639","19","2","3","1","1","2","2"
"640","19","2","4","1","4","2","3"
"641","19","8","3","3","4","8","4"
"642","19","2","1","1","1","1","1"
"643","19","2","3","8","1","1","2"
"644","19","2","1","1","1","2","1"
"645","19","2","3","1","3","1","1"
"646","19","2","4","2","4","1","1"
"647","19","8","4","3","4","1","2"
"648","19","2","8","1","1","1","1"
"649","19","2","3","2","2","2","2"
"650","19","2","3","3","4","2","2"
"651","19","2","1","1","1","1","2"
"652","19","2","1","1","1","1","4"
"653","19","2","2","2","3","2","2"
"654","19","1","4","3","3","1","3"
"655","19","1","3","2","4","3","1"
"656","19","2","3","2","4","2","2"
"657","19","2","4","3","4","4","1"
"658","19","2","3","1","1","1","1"
"659","19","2","4","3","4","1","2"
"660","19","2","4","1","3","2","2"
"661","19","2","4","3","4","3","1"
"662","19","2","2","1","1","2","1"
"663","19","2","1","1","4","1","1"
"664","19","2","2","1","1","2","2"
"665","19","2","3","1","3","3","1"
"666","19","1","3","1","3","2","1"
"667","19","2","3","1","4","3","1"
"668","19","2","1","1","3","2","8"
"669","19","2","1","1","1","4","1"
"670","19","2","4","1","4","4","2"
"671","19","2","1","1","2","1","1"
"672","19","2","4","1","3","1","2"
"673","19","2","3","1","4","1","3"
"674","19","2","3","2","4","3","1"
"675","19","2","1","1","2","1","1"
"676","19","8","2","1","4","3","4"
"677","19","1","3","1","2","2","1"
"678","19","2","1","1","4","2","1"
"679","19","2","2","1","4","1","1"
"680","19","2","4","2","4","2","1"
"681","19","9","1","1","3","1","1"
"682","19","2","4","2","4","2","1"
"683","19","8","2","1","4","1","2"
"684","19","1","3","2","4","2","1"
"685","19","2","1","1","1","1","1"
"686","19","2","2","1","1","2","1"
"687","19","2","1","1","1","4","2"
"688","19","2","4","1","3","1","1"
"689","19","2","3","2","4","1","2"
"690","19","1","1","4","4","4","1"
"691","19","2","4","1","3","1","1"
"692","19","2","4","1","3","1","2"
"693","19","2","1","1","4","1","2"
"694","19","1","1","1","2","2","4"
"695","19","2","1","1","1","1","2"
"696","19","2","3","1","1","1","2"
"697","19","2","2","2","3","1","1"
"698","19","2","4","1","3","2","1"
"699","19","1","2","1","4","2","2"
"700","19","2","2","1","4","2","1"
"701","19","2","4","2","4","3","2"
"702","19","2","4","2","2","2","2"
"703","19","2","1","3","3","2","2"
"704","19","2","4","1","4","2","1"
"705","19","1","2","2","4","1","2"
"706","19","2","3","1","4","2","1"
"707","19","2","3","1","4","1","2"
"708","19","2","2","1","1","1","1"
"709","19","2","1","1","4","1","1"
"710","19","2","4","4","4","3","1"
"711","19","2","1","1","1","1","1"
"712","19","2","3","2","1","2","2"
"713","19","2","1","1","1","1","2"
"714","19","2","1","1","1","1","4"
"715","19","2","3","2","4","2","4"
"716","19","2","4","2","4","2","1"
"717","19","2","2","1","3","1","1"
"718","19","2","2","1","2","1","2"
"719","19","1","1","1","1","1","1"
"720","19","2","1","1","2","3","2"
"721","19","2","2","2","2","2","4"
"722","19","2","2","1","2","1","2"
"723","19","2","2","9","4","4","2"
"724","19","2","4","1","2","1","1"
"725","19","2","3","1","1","2","2"
"726","19","2","1","4","3","1","1"
"727","19","2","1","1","1","2","2"
"728","19","2","4","2","2","2","2"
"729","19","1","3","2","3","2","1"
"730","19","2","1","2","1","1","1"
"731","19","2","4","2","4","3","2"
"732","19","2","3","3","3","2","3"
"733","19","2","3","1","1","2","1"
"734","19","8","1","1","1","1","3"
"735","19","2","1","2","4","1","2"
"736","19","2","4","2","3","2","8"
"737","19","2","1","1","1","2","2"
"738","19","2","4","2","4","1","1"
"739","19","2","1","2","1","2","2"
"740","19","2","4","2","4","2","2"
"741","19","9","4","2","3","2","1"
"742","19","2","3","2","2","2","1"
"743","19","1","3","1","1","1","1"
"744","19","2","2","2","1","2","2"
"745","19","2","3","1","4","2","2"
"746","19","8","3","1","2","1","2"
"747","19","2","4","1","9","2","2"
"748","19","1","2","2","4","3","9"
"749","19","2","3","2","4","2","1"
"750","19","2","2","2","4","2","2"
"751","19","2","2","1","1","1","2"
"752","19","8","4","1","1","1","2"
"753","19","8","1","1","1","8","1"
"754","19","2","3","2","3","2","2"
"755","19","2","4","2","4","4","2"
"756","19","2","4","3","4","2","1"
"757","19","2","1","1","2","1","1"
"758","19","2","1","1","2","2","8"
"759","19","2","2","1","2","1","2"
"760","19","2","4","1","1","2","4"
"761","19","2","4","3","4","3","2"
"762","19","2","3","3","4","2","1"
"763","19","2","3","1","3","3","1"
"764","19","2","1","1","1","1","2"
"765","19","2","1","1","3","2","1"
"766","19","2","2","2","3","2","1"
"767","19","2","3","1","3","1","1"
"768","19","2","4","3","4","2","2"
"769","19","2","3","1","1","3","2"
"770","19","2","4","2","4","4","2"
"771","19","8","2","1","1","2","8"
"772","19","2","4","1","1","2","1"
"773","19","2","4","4","4","4","1"
"774","19","2","4","1","2","1","2"
"775","19","2","2","1","2","1","2"
"776","19","2","4","1","4","1","1"
"777","19","2","3","3","3","3","1"
"778","19","2","1","1","1","1","1"
"779","19","8","1","1","1","1","8"
"780","19","2","1","1","2","2","2"
"781","19","2","3","1","1","1","1"
"782","19","2","1","1","1","1","1"
"783","19","2","2","1","4","1","1"
"784","19","8","3","1","1","2","2"
"785","19","2","3","1","3","2","2"
"786","19","2","3","1","4","2","2"
"787","19","1","3","1","4","1","1"
"788","19","2","2","1","2","1","2"
"789","19","2","1","1","1","1","2"
"790","19","2","4","3","4","4","2"
"791","19","2","1","1","1","2","2"
"792","19","2","3","1","3","1","1"
"793","19","2","2","3","8","2","9"
"794","19","2","3","1","3","1","1"
"795","19","2","1","1","1","1","2"
"796","19","8","1","1","2","1","1"
"797","19","8","1","1","3","2","1"
"798","19","2","3","2","4","3","1"
"799","19","2","4","1","1","1","1"
"800","19","1","2","2","2","1","1"
"801","19","2","3","1","8","1","2"
"802","19","2","1","1","4","4","1"
"803","19","2","4","4","4","3","2"
"804","19","2","1","2","1","1","3"
"805","19","2","2","1","1","2","1"
"806","19","2","1","2","2","2","1"
"807","19","2","3","3","3","2","1"
"808","19","2","1","1","1","1","3"
"809","19","2","1","1","4","4","2"
"810","19","2","3","2","3","2","1"
"811","19","2","2","1","4","2","2"
"812","19","2","3","1","4","3","2"
"813","19","2","1","2","4","2","4"
"814","19","2","4","2","4","2","1"
"815","19","1","3","1","2","2","1"
"816","19","2","2","1","1","2","1"
"817","19","2","4","2","3","3","1"
"818","19","2","1","1","1","4","2"
"819","19","2","1","2","2","1","2"
"820","19","1","3","1","1","1","4"
"821","19","2","1","1","1","1","4"
"822","19","2","4","1","4","2","1"
"823","19","2","2","1","3","2","1"
"824","19","2","2","3","4","2","2"
"825","19","2","2","1","1","2","1"
"826","19","1","2","2","3","1","2"
"827","19","2","1","1","3","1","3"
"828","19","2","3","2","3","2","2"
"829","19","2","1","2","4","2","1"
"830","19","1","4","4","4","2","1"
"831","19","2","1","1","1","1","2"
"832","19","1","2","3","2","3","2"
"833","19","1","1","1","1","1","1"
"834","19","2","1","1","4","1","2"
"835","19","2","1","1","2","2","2"
"836","19","2","1","1","1","1","2"
"837","19","2","2","2","9","9","2"
"838","19","2","4","1","4","2","1"
"839","19","2","1","1","4","2","1"
"840","19","2","2","1","1","1","1"
"841","19","1","1","1","3","3","1"
"842","19","2","4","9","9","1","2"
"843","19","2","2","2","2","1","1"
"844","19","2","2","2","4","3","1"
"845","19","2","4","2","4","2","2"
"846","19","2","2","1","1","2","3"
"847","19","2","1","2","3","2","2"
"848","19","1","1","1","1","1","4"
"849","19","2","3","1","3","2","2"
"850","19","2","2","1","4","2","1"
"851","19","2","3","1","1","1","2"
"852","19","2","3","1","3","2","1"
"853","19","2","1","1","1","1","8"
"854","19","2","2","1","2","2","1"
"855","19","2","4","2","4","2","1"
"856","19","2","4","1","3","2","3"
"857","19","2","4","2","4","3","1"
"858","19","2","4","1","4","4","1"
"859","19","2","1","1","1","1","2"
"860","19","2","1","1","1","2","1"
"861","19","2","1","1","1","1","2"
"862","19","2","1","1","1","2","1"
"863","19","2","1","1","1","2","2"
"864","19","2","2","1","1","1","1"
"865","19","2","2","2","2","1","1"
"866","19","2","2","1","2","2","1"
"867","19","2","1","1","1","1","2"
"868","19","2","3","1","2","1","2"
"869","19","2","3","1","4","1","2"
"870","19","1","3","2","4","1","2"
"871","19","1","2","1","4","1","2"
"872","19","2","2","1","3","1","1"
"873","19","2","1","1","2","1","3"
"874","19","8","3","1","2","3","1"
"875","19","2","1","1","2","1","1"
"876","19","2","3","1","1","1","1"
"877","19","1","1","1","1","1","2"
"878","19","2","2","1","1","1","3"
"879","19","2","1","1","2","1","2"
"880","19","1","4","4","3","1","1"
"881","19","1","3","2","3","2","1"
"882","19","2","4","2","4","3","2"
"883","19","2","2","1","1","1","1"
"884","19","2","4","2","4","2","1"
"885","19","1","3","1","1","2","1"
"886","19","2","4","1","4","2","1"
"887","19","2","1","1","2","1","3"
"888","19","2","4","2","4","4","1"
"889","19","2","4","2","4","3","2"
"890","19","1","1","1","3","3","1"
"891","19","2","2","1","2","1","1"
"892","19","2","2","1","3","2","1"
"893","19","2","3","2","4","2","8"
"894","19","2","1","1","1","1","1"
"895","19","2","3","1","4","1","2"
"896","19","2","1","1","2","1","2"
"897","19","2","1","1","2","2","1"
"898","19","2","1","1","2","1","2"
"899","19","2","3","1","2","2","1"
"900","19","2","2","1","3","3","1"
"901","19","2","4","1","4","2","1"
"902","19","2","4","2","4","1","1"
"903","19","2","4","1","2","1","1"
"904","19","2","2","1","1","2","1"
"905","19","2","2","1","3","2","1"
"906","19","2","2","1","3","2","2"
"907","19","2","4","1","1","2","2"
"908","19","2","4","1","2","1","1"
"909","19","1","2","1","2","2","2"
"910","19","2","2","1","1","1","2"
"911","19","2","1","1","1","1","3"
"912","19","2","3","1","1","1","2"
"913","19","1","1","1","1","1","1"
"914","19","2","3","1","1","1","2"
"915","19","2","4","2","4","1","1"
"916","19","2","2","2","4","4","1"
"917","19","1","1","1","2","2","1"
"918","19","2","4","1","4","2","2"
"919","19","2","3","1","3","2","2"
"920","19","2","1","1","1","1","1"
"921","19","2","1","1","3","2","2"
"922","19","2","2","1","2","1","1"
"923","19","2","4","1","4","2","1"
"924","19","2","4","1","4","2","2"
"925","19","2","3","1","4","2","2"
"926","19","2","1","1","1","1","4"
"927","19","2","4","1","1","2","1"
"928","19","2","2","1","2","1","2"
"929","19","2","3","2","3","2","1"
"930","19","8","1","1","1","1","1"
"931","19","2","3","1","2","1","1"
"932","19","2","1","1","2","1","2"
"933","19","2","4","1","2","1","2"
"934","19","2","4","1","3","1","2"
"935","19","2","2","3","3","3","1"
"936","19","2","4","2","4","4","1"
"937","19","1","3","2","3","3","1"
"938","19","2","4","3","4","4","1"
"939","19","2","2","1","4","1","1"
"940","19","2","4","2","4","3","1"
"941","19","1","3","2","4","2","2"
"942","19","2","3","1","1","2","3"
"943","19","1","1","1","3","4","2"
"944","19","2","1","1","1","1","1"
"945","19","2","2","2","2","1","2"
"946","19","2","3","1","4","3","2"
"947","19","2","1","1","1","1","2"
"948","19","2","2","1","1","1","2"
"949","19","2","2","1","2","2","1"
"950","19","2","1","1","1","2","1"
"951","19","2","1","1","1","1","1"
"952","19","1","1","1","1","1","1"
"953","19","2","1","1","2","1","1"
"954","19","2","2","2","4","3","1"
"955","19","2","2","1","1","1","1"
"956","19","2","4","3","4","4","1"
"957","19","2","4","1","3","2","2"
"958","19","2","4","2","4","2","1"
"959","19","2","3","1","1","1","2"
"960","19","2","1","1","2","2","1"
"961","19","2","3","2","4","3","9"
"962","19","2","2","1","2","2","3"
"963","19","2","3","1","1","1","3"
"964","19","2","3","2","4","1","1"
"965","19","2","3","1","3","2","1"
"966","19","2","2","1","3","1","2"
"967","19","1","3","1","4","2","1"
"968","19","2","3","2","4","2","1"
"969","19","2","4","4","4","1","1"
"970","19","1","4","3","4","2","1"
"971","19","2","1","1","1","1","2"
"972","19","2","1","1","1","1","1"
"973","19","2","3","1","4","2","2"
"974","19","2","1","1","2","1","1"
"975","19","2","1","1","1","1","3"
"976","19","2","3","1","4","1","1"
"977","19","2","2","2","3","2","2"
"978","19","2","3","3","4","3","1"
"979","19","2","1","1","2","2","2"
"980","19","2","3","1","3","2","1"
"981","19","2","1","1","1","1","2"
"982","19","8","4","2","4","4","3"
"983","19","8","3","1","1","1","1"
"984","19","2","1","1","1","1","3"
"985","19","2","2","1","2","2","2"
"986","19","2","3","1","1","1","1"
"987","19","2","3","2","3","2","1"
"988","19","2","3","1","3","1","2"
"989","19","2","1","1","4","1","1"
"990","19","2","3","1","1","2","1"
"991","19","2","3","1","3","1","1"
"992","19","2","3","1","2","1","3"
"993","19","2","4","1","4","1","2"
"994","19","2","2","1","1","1","1"
"995","19","1","1","1","8","2","3"
"996","19","2","2","1","3","1","2"
"997","19","2","3","2","1","2","2"
"998","19","1","2","2","1","1","1"
"999","19","1","1","1","1","1","1"
"1000","19","2","2","1","2","2","1"
"1001","19","2","3","2","4","2","1"
"1002","19","2","2","1","2","1","1"
"1003","19","2","1","1","3","1","2"